submission_type,total,quantitative,qualitative,technical,equivalence,pct_A
510(k),1363,197,899,208,59,14.453411592076302
De Novo,36,16,20,0,0,44.44444444444444
PMA,9,7,1,1,0,77.77777777777779
